Timestamp,DayOfWeek,Hour,MachineID,CurrentQueueLength,ActualDuration
2025-01-17 05:10:00,4,5,1,10,32.81564041234765
2025-01-20 15:09:00,0,15,5,8,34.11238492594495
2025-01-01 00:16:00,2,0,4,14,37.96795147985051
2025-01-02 00:48:00,3,0,2,8,42.754084292413566
2025-01-20 18:47:00,0,18,1,42,38.73996839987508
2025-01-27 22:27:00,0,22,2,45,39.738806630434944
2025-01-10 05:23:00,4,5,2,16,38.812849988111466
2025-01-19 13:28:00,6,13,3,39,43.190217050509034
2025-01-25 16:33:00,5,16,3,35,39.032598286891755
2025-01-21 03:06:00,1,3,3,16,41.48603309401152
2025-01-19 22:02:00,6,22,1,33,49.065793006222314
2025-01-11 01:43:00,5,1,3,42,42.93315867541359
2025-01-06 12:10:00,0,12,5,19,32.768403210146595
2025-01-16 22:36:00,3,22,2,36,42.625307374656245
2025-01-13 18:05:00,0,18,2,30,48.77432784414181
2025-01-09 11:14:00,3,11,2,19,39.03688915995212
2025-01-23 13:30:00,3,13,1,19,48.13162206315225
2025-01-06 08:39:00,0,8,2,11,39.84550386449597
2025-01-12 10:31:00,6,10,3,35,46.47850558413132
2025-01-07 18:23:00,1,18,2,37,37.80051787602034
2025-01-29 11:59:00,2,11,3,11,41.5427570256799
2025-01-09 04:22:00,3,4,2,16,44.29454902215006
2025-01-08 01:56:00,2,1,4,16,26.951821318118334
2025-01-22 02:15:00,2,2,2,18,40.59790052787716
2025-01-14 16:12:00,1,16,4,15,40.55847848843571
2025-01-03 00:56:00,4,0,2,19,41.097286029329766
2025-01-29 03:52:00,2,3,4,16,42.54412902243594
2025-01-04 02:36:00,5,2,4,36,34.738371023616345
2025-01-19 04:15:00,6,4,2,31,32.291390257313886
2025-01-17 16:03:00,4,16,1,11,32.43610081045817
2025-01-28 02:08:00,1,2,5,11,36.10302659728726
2025-01-03 13:58:00,4,13,2,19,38.563248507066845
2025-01-25 10:46:00,5,10,4,44,38.41873249454518
2025-01-29 11:05:00,2,11,5,7,40.41080035795901
2025-01-17 22:26:00,4,22,2,21,38.002959707042
2025-01-03 16:00:00,4,16,3,15,36.31326220208924
2025-01-20 01:37:00,0,1,3,12,37.627149408906135
2025-01-29 17:23:00,2,17,3,37,35.694616749479145
2025-01-01 11:52:00,2,11,4,18,44.02338988194321
2025-01-11 08:04:00,5,8,4,54,28.280116135964413
2025-01-13 16:57:00,0,16,5,9,42.99788403658233
2025-01-14 00:44:00,1,0,5,18,33.03548815345731
2025-01-21 10:40:00,1,10,5,12,34.973245672957866
2025-01-24 09:28:00,4,9,2,16,40.57251522513955
2025-01-09 02:00:00,3,2,3,11,38.25869089347329
2025-01-30 11:29:00,3,11,1,10,43.300844633091565
2025-01-22 10:32:00,2,10,5,10,35.99395309783583
2025-01-25 07:28:00,5,7,3,36,33.40448317758213
2025-01-20 21:02:00,0,21,5,33,32.92717443009174
2025-01-25 15:55:00,5,15,1,33,36.287295662736256
2025-01-16 04:55:00,3,4,5,8,32.21344785851829
2025-01-03 20:57:00,4,20,2,20,41.824453971811415
2025-01-14 20:42:00,1,20,2,39,34.00333748809516
2025-01-03 07:09:00,4,7,2,10,44.02877438411567
2025-01-10 20:08:00,4,20,2,45,36.85705370910589
2025-01-07 22:17:00,1,22,4,28,41.776961482338116
2025-01-11 13:18:00,5,13,1,34,41.51252156219294
2025-01-02 04:06:00,3,4,2,7,36.55761448826639
2025-01-11 10:24:00,5,10,3,57,31.009974423147895
2025-01-23 17:44:00,3,17,3,24,43.51770752428355
2025-01-12 14:40:00,6,14,5,33,38.63711877690724
2025-01-01 04:11:00,2,4,3,11,43.70978408686791
2025-01-23 19:47:00,3,19,2,35,44.605776962501935
2025-01-15 16:37:00,2,16,1,17,42.36023136445889
2025-01-05 15:53:00,6,15,1,44,45.19972958106284
2025-01-14 17:31:00,1,17,3,29,33.02421767062199
2025-01-15 20:49:00,2,20,1,40,42.0174088924442
2025-01-02 23:19:00,3,23,4,15,45.38575296604806
2025-01-03 04:15:00,4,4,5,9,36.708346413987954
2025-01-09 17:30:00,3,17,5,38,43.26241843149764
2025-01-24 17:28:00,4,17,4,32,42.99078415877465
2025-01-21 00:03:00,1,0,3,9,39.20377914598377
2025-01-01 13:39:00,2,13,2,15,36.937855089595615
2025-01-15 02:13:00,2,2,4,5,37.93815153358612
2025-01-30 09:46:00,3,9,4,15,45.43476697382264
2025-01-05 07:33:00,6,7,2,42,45.04889841955439
2025-01-27 06:35:00,0,6,4,10,36.83837047540887
2025-01-14 21:15:00,1,21,3,20,37.91357593567647
2025-01-10 17:48:00,4,17,2,38,45.28128532966187
2025-01-04 05:46:00,5,5,4,60,44.387646725302474
2025-01-09 00:23:00,3,0,4,11,39.7646316571976
2025-01-16 07:45:00,3,7,2,6,38.54202328706369
2025-01-03 13:08:00,4,13,5,8,32.17176813893942
2025-01-26 16:43:00,6,16,2,51,43.6965392594589
2025-01-02 02:47:00,3,2,1,20,40.63349535984488
2025-01-29 10:06:00,2,10,2,12,34.4634234417196
2025-01-06 17:45:00,0,17,3,33,45.17092824807543
2025-01-18 16:30:00,5,16,5,58,35.271080568549436
2025-01-02 02:14:00,3,2,3,16,46.06333239217343
2025-01-03 17:37:00,4,17,2,34,32.836886557422545
2025-01-30 11:49:00,3,11,2,9,33.783896368636995
2025-01-09 17:58:00,3,17,4,34,26.16673707814222
2025-01-09 23:04:00,3,23,5,15,42.99910749594497
2025-01-31 20:47:00,4,20,4,33,36.25451028053459
2025-01-20 07:17:00,0,7,5,20,40.13471037842047
2025-01-05 23:49:00,6,23,3,39,31.399516639523636
2025-01-21 16:06:00,1,16,5,6,42.18209642112398
2025-01-21 06:51:00,1,6,5,16,41.12119730024559
2025-01-04 23:18:00,5,23,3,30,36.041034553413574
2025-01-23 22:20:00,3,22,2,34,34.624601173451595
2025-01-30 12:28:00,3,12,4,11,43.01209737834286
2025-01-22 21:54:00,2,21,5,32,38.94251652880691
2025-01-08 06:22:00,2,6,1,5,42.06131123370908
2025-01-27 08:35:00,0,8,5,20,39.8409600720559
2025-01-16 01:16:00,3,1,4,12,40.857001755330835
2025-01-30 22:44:00,3,22,3,28,37.882908125759485
2025-01-03 12:02:00,4,12,3,20,38.28325993988209
2025-01-30 19:19:00,3,19,3,22,36.48668662413838
2025-01-01 06:15:00,2,6,1,19,42.80445870249702
2025-01-22 21:14:00,2,21,3,24,39.474686378197745
2025-01-02 00:52:00,3,0,4,12,32.656079122937484
2025-01-21 10:12:00,1,10,2,19,42.57257660204327
2025-01-29 05:52:00,2,5,2,15,50.546033114124114
2025-01-18 09:51:00,5,9,1,51,45.35756259505581
2025-01-13 08:01:00,0,8,1,18,40.00958690856553
2025-01-31 16:01:00,4,16,4,8,34.094253986424135
2025-01-24 10:20:00,4,10,3,9,38.25233192358318
2025-01-24 06:35:00,4,6,4,11,31.569197531561542
2025-01-14 00:21:00,1,0,3,9,45.87364197371482
2025-01-09 19:47:00,3,19,5,30,42.215964175359034
2025-01-04 09:08:00,5,9,1,43,48.23907811568023
2025-01-18 12:08:00,5,12,2,40,34.336976025909166
2025-01-20 13:39:00,0,13,4,8,28.376301155135202
2025-01-18 16:57:00,5,16,2,57,41.96403062058852
2025-01-23 14:12:00,3,14,4,19,38.31604404717303
2025-01-08 15:27:00,2,15,4,17,43.27660805324506
2025-01-11 22:48:00,5,22,2,41,47.73817785997818
2025-01-19 15:11:00,6,15,1,50,33.7543206763646
2025-01-05 07:22:00,6,7,5,54,36.22390768402765
2025-01-22 16:50:00,2,16,4,19,44.2596364896208
2025-01-21 18:39:00,1,18,2,30,40.384020944706556
2025-01-10 10:04:00,4,10,4,15,49.34047947411195
2025-01-29 09:57:00,2,9,3,14,39.71340143440383
2025-01-23 18:18:00,3,18,1,25,42.10741284011499
2025-01-31 21:13:00,4,21,5,20,36.67399339905656
2025-01-23 19:49:00,3,19,4,42,39.25364063902822
2025-01-28 06:34:00,1,6,3,7,41.44525719834387
2025-01-26 23:59:00,6,23,5,46,40.957361632073884
2025-01-04 03:44:00,5,3,1,36,35.788020076014156
2025-01-11 13:16:00,5,13,2,51,42.00182213884498
2025-01-31 11:57:00,4,11,2,8,44.54528883193626
2025-01-14 02:27:00,1,2,3,19,36.8960520357763
2025-01-22 14:12:00,2,14,1,16,46.919732232465
2025-01-02 10:16:00,3,10,5,7,48.631365702626184
2025-01-07 21:36:00,1,21,4,43,42.25980325633605
2025-01-22 19:21:00,2,19,5,25,38.215602909429876
2025-01-07 23:01:00,1,23,2,17,40.62465014250084
2025-01-31 22:16:00,4,22,5,29,34.012521239174504
2025-01-27 04:08:00,0,4,1,20,47.26703507395209
2025-01-03 16:57:00,4,16,4,20,49.98523257942095
2025-01-07 17:56:00,1,17,1,36,35.30460598271013
2025-01-31 03:09:00,4,3,5,10,40.94577504506531
2025-01-27 03:07:00,0,3,4,10,36.77621827543916
2025-01-30 01:18:00,3,1,3,10,44.380430539657475
2025-01-26 07:53:00,6,7,1,49,43.43817203958166
2025-01-01 06:26:00,2,6,4,10,41.96146217344608
2025-01-27 13:21:00,0,13,2,13,43.400929703946545
2025-01-27 11:15:00,0,11,5,5,46.075066274194086
2025-01-06 11:49:00,0,11,2,20,43.668093671423286
2025-01-19 14:39:00,6,14,5,57,34.79480235478022
2025-01-04 17:06:00,5,17,3,45,37.701477838841576
2025-01-28 11:11:00,1,11,4,10,43.55229405264065
2025-01-14 14:33:00,1,14,5,11,49.53307032232057
2025-01-22 23:49:00,2,23,4,6,36.158770863183676
2025-01-05 21:22:00,6,21,2,45,37.083089576282674
2025-01-25 12:21:00,5,12,5,35,36.8662381229306
2025-01-01 11:49:00,2,11,4,7,45.020480578774354
2025-01-11 12:18:00,5,12,2,38,30.961161853937163
2025-01-06 18:02:00,0,18,5,21,52.14085050953046
2025-01-03 00:18:00,4,0,1,17,43.268175576571906
2025-01-22 10:07:00,2,10,2,19,41.54610432792372
2025-01-05 18:37:00,6,18,1,39,45.86078142626584
2025-01-10 08:56:00,4,8,3,16,36.60150451127457
2025-01-26 07:13:00,6,7,4,42,35.87758629665955
2025-01-27 03:51:00,0,3,4,8,43.99792227406324
2025-01-25 05:29:00,5,5,2,48,44.26279769383794
2025-01-27 18:29:00,0,18,5,20,43.26186083434403
2025-01-09 07:16:00,3,7,2,17,39.140667873964055
2025-01-06 18:21:00,0,18,3,21,47.644317332177096
2025-01-31 10:58:00,4,10,2,10,44.185776811533295
2025-01-20 02:09:00,0,2,1,13,35.868702645660626
2025-01-17 08:49:00,4,8,4,19,37.92929709566821
2025-01-05 19:05:00,6,19,2,52,42.76257440627548
2025-01-08 01:20:00,2,1,3,17,35.99388516228112
2025-01-22 00:58:00,2,0,5,15,47.4459025220058
2025-01-21 08:22:00,1,8,5,10,39.12947512413997
2025-01-14 00:11:00,1,0,2,7,40.39035297873279
2025-01-15 19:48:00,2,19,3,25,39.445514568607244
2025-01-29 19:15:00,2,19,3,33,41.23281205519418
2025-01-30 16:58:00,3,16,2,20,44.16374475219787
2025-01-21 14:53:00,1,14,1,17,43.41903082845109
2025-01-01 21:34:00,2,21,4,40,34.14111942577349
2025-01-09 17:55:00,3,17,3,38,38.850619036858596
2025-01-25 07:54:00,5,7,2,59,43.696191542495974
2025-01-01 05:39:00,2,5,3,5,42.19624252390862
2025-01-08 15:02:00,2,15,1,13,46.271347578839
2025-01-02 17:25:00,3,17,4,25,40.699532889119396
2025-01-30 02:38:00,3,2,3,11,36.184984782183285
2025-01-19 16:39:00,6,16,3,38,44.78902041536426
2025-01-25 05:11:00,5,5,4,34,32.033925055944906
2025-01-23 16:28:00,3,16,1,5,41.64941737777715
2025-01-17 10:05:00,4,10,1,11,43.595451801511096
2025-01-09 01:18:00,3,1,3,13,38.250251744232045
2025-01-11 22:28:00,5,22,4,60,42.77138989251842
2025-01-02 01:23:00,3,1,3,16,43.481641513254914
2025-01-06 10:47:00,0,10,5,14,42.357479104475196
2025-01-14 07:55:00,1,7,3,13,39.49728322015502
2025-01-26 18:47:00,6,18,5,54,39.85978016768972
2025-01-08 09:41:00,2,9,2,12,44.20446387795405
2025-01-04 15:43:00,5,15,1,58,43.674102591052936
2025-01-06 15:16:00,0,15,4,11,37.01635031592078
2025-01-18 08:42:00,5,8,3,42,37.30703046033758
2025-01-09 09:56:00,3,9,1,5,35.04737267046564
2025-01-22 11:31:00,2,11,3,17,36.12994376234956
2025-01-10 17:53:00,4,17,4,28,36.703379721690844
2025-01-15 04:29:00,2,4,1,7,47.36459168004302
2025-01-29 14:33:00,2,14,1,5,37.33284805682958
2025-01-11 18:06:00,5,18,3,58,53.29438135746619
2025-01-04 13:24:00,5,13,2,45,50.929148562717714
2025-01-19 03:45:00,6,3,4,30,40.97872729577522
2025-01-16 03:58:00,3,3,1,14,35.27297153940753
2025-01-03 22:14:00,4,22,1,43,37.628213625655334
2025-01-21 02:24:00,1,2,2,18,37.88417231292788
2025-01-28 22:34:00,1,22,4,34,31.56044185685655
2025-01-03 06:57:00,4,6,1,18,35.85210468495908
2025-01-30 04:48:00,3,4,1,13,40.91180185886265
2025-01-06 19:05:00,0,19,4,26,42.72011116280106
2025-01-28 20:54:00,1,20,2,39,39.59194765911571
2025-01-24 04:29:00,4,4,1,10,37.54872926891791
2025-01-02 05:52:00,3,5,2,10,49.14595526028624
2025-01-17 09:35:00,4,9,3,15,32.04656514399304
2025-01-24 11:20:00,4,11,1,13,48.97517770192755
2025-01-17 23:45:00,4,23,5,17,36.355651049081295
2025-01-28 04:05:00,1,4,1,18,43.38752788064071
2025-01-04 12:16:00,5,12,3,32,46.98850490600734
2025-01-27 04:01:00,0,4,1,11,43.98567701005081
2025-01-29 23:52:00,2,23,1,10,40.85567447642653
2025-01-12 15:18:00,6,15,5,60,40.636819965877244
2025-01-02 08:29:00,3,8,3,10,36.839322320370556
2025-01-23 07:40:00,3,7,3,13,34.509539239749515
2025-01-30 12:52:00,3,12,3,18,34.78659235205629
2025-01-03 14:11:00,4,14,4,16,35.750854950637
2025-01-26 01:42:00,6,1,1,31,38.37959110346866
2025-01-02 03:03:00,3,3,5,7,45.751121386010574
2025-01-29 02:30:00,2,2,5,18,43.36947950831392
2025-01-22 04:25:00,2,4,3,14,35.58964943248151
2025-01-30 22:16:00,3,22,5,31,44.355482946416096
2025-01-16 19:23:00,3,19,5,20,42.21319682736243
2025-01-27 13:26:00,0,13,2,10,45.3474430117406
2025-01-06 23:27:00,0,23,1,5,47.98920912772041
2025-01-23 02:04:00,3,2,2,5,39.467439285408275
2025-01-16 03:06:00,3,3,4,7,49.57527137793147
2025-01-14 10:02:00,1,10,3,5,41.48478977759428
2025-01-18 16:37:00,5,16,1,48,41.3219442960027
2025-01-26 02:27:00,6,2,2,42,39.356454148588405
2025-01-07 19:52:00,1,19,2,43,43.1889204335552
2025-01-27 22:18:00,0,22,5,40,40.0828940716871
2025-01-24 12:32:00,4,12,5,12,42.82690630546781
2025-01-29 07:52:00,2,7,1,8,33.91917538209383
2025-01-05 13:58:00,6,13,4,36,39.405945656658965
2025-01-26 02:16:00,6,2,5,53,48.36462600245555
2025-01-09 06:01:00,3,6,2,19,35.416275217429664
2025-01-09 23:12:00,3,23,1,8,40.9260605965737
2025-01-19 11:31:00,6,11,5,57,37.305617287893426
2025-01-14 14:25:00,1,14,4,17,38.232553755875585
2025-01-10 18:19:00,4,18,5,33,40.776595260568484
2025-01-06 02:04:00,0,2,2,15,41.48216807844231
2025-01-06 15:50:00,0,15,4,17,45.64296794798874
2025-01-03 23:48:00,4,23,4,6,42.80234517193381
2025-01-25 05:14:00,5,5,1,35,40.274873100522015
2025-01-22 15:58:00,2,15,2,16,37.76305706536029
2025-01-16 15:12:00,3,15,2,8,37.19883600696494
2025-01-10 11:56:00,4,11,4,11,40.37126765118343
2025-01-06 23:44:00,0,23,5,8,43.16903175568277
2025-01-16 23:23:00,3,23,2,13,37.57145112930696
2025-01-24 03:20:00,4,3,1,14,47.81228515091897
2025-01-03 02:33:00,4,2,5,15,35.604732332667176
2025-01-28 12:00:00,1,12,5,8,35.90846796372179
2025-01-09 13:00:00,3,13,5,20,42.839264657570375
2025-01-25 08:40:00,5,8,4,60,35.16876922340349
2025-01-31 05:18:00,4,5,5,10,39.90607715246903
2025-01-10 12:39:00,4,12,1,9,44.296296276605744
2025-01-09 16:02:00,3,16,2,16,40.85801979377464
2025-01-31 15:09:00,4,15,5,17,42.08228913781288
2025-01-19 06:01:00,6,6,2,54,47.73266141108422
2025-01-12 18:19:00,6,18,5,56,37.14640966913465
2025-01-15 15:38:00,2,15,1,19,40.617130157369864
2025-01-14 17:26:00,1,17,4,41,37.78454660509958
2025-01-01 15:19:00,2,15,3,20,36.918910162840675
2025-01-29 22:22:00,2,22,4,22,31.927019702374626
2025-01-18 13:14:00,5,13,1,46,33.06987380591971
2025-01-19 20:29:00,6,20,3,47,44.10694915802097
2025-01-24 04:13:00,4,4,4,14,40.146721940392105
2025-01-25 10:19:00,5,10,1,46,39.58100411803811
2025-01-04 10:50:00,5,10,1,47,44.28143805315461
2025-01-03 08:50:00,4,8,1,14,40.289283504673755
2025-01-28 02:58:00,1,2,2,5,37.462085113008385
2025-01-06 20:47:00,0,20,5,24,44.1678439314036
2025-01-30 17:04:00,3,17,1,23,41.663231990924785
2025-01-06 03:41:00,0,3,5,13,39.75931819890901
2025-01-02 09:15:00,3,9,1,14,33.73713470202098
2025-01-02 17:13:00,3,17,2,38,42.86543392643482
2025-01-18 02:03:00,5,2,1,42,42.754904781593005
2025-01-28 13:57:00,1,13,2,6,36.618069896769406
2025-01-01 10:49:00,2,10,1,18,40.12332868241207
2025-01-19 18:46:00,6,18,4,38,36.02970159656749
2025-01-23 05:13:00,3,5,3,16,42.61397241342445
2025-01-21 03:25:00,1,3,4,12,44.20991351008073
2025-01-25 08:03:00,5,8,4,43,41.22604405202439
2025-01-07 01:12:00,1,1,3,19,40.131728686091456
2025-01-16 09:36:00,3,9,1,11,36.59065012826012
2025-01-21 11:22:00,1,11,1,10,43.15165580821716
2025-01-06 01:25:00,0,1,1,14,31.670034440070303
2025-01-11 06:04:00,5,6,1,59,40.29412605345991
2025-01-21 14:27:00,1,14,5,5,38.783056254260984
2025-01-22 08:00:00,2,8,2,19,40.01303018456262
2025-01-01 16:12:00,2,16,5,19,41.713413728501195
2025-01-27 01:19:00,0,1,2,10,54.03168488022495
2025-01-25 10:58:00,5,10,1,57,42.271458409973846
2025-01-02 02:29:00,3,2,4,15,49.3938173746458
2025-01-06 15:24:00,0,15,2,7,46.83129011809161
2025-01-05 00:36:00,6,0,3,32,33.29563514718028
2025-01-18 10:07:00,5,10,2,37,38.24950434917856
2025-01-31 03:42:00,4,3,1,15,49.50029556860028
2025-01-22 18:56:00,2,18,2,24,35.75483509492885
2025-01-03 12:16:00,4,12,3,14,34.30458772584793
2025-01-24 23:57:00,4,23,3,12,46.64258959440629
2025-01-22 11:38:00,2,11,2,17,32.14758170254278
2025-01-16 10:09:00,3,10,4,7,35.50719227536459
2025-01-24 20:02:00,4,20,5,43,44.80629837472964
2025-01-22 00:26:00,2,0,3,8,35.4104070696385
2025-01-08 07:52:00,2,7,5,10,47.13407312519027
2025-01-20 20:22:00,0,20,4,28,44.126909215831745
2025-01-28 20:52:00,1,20,2,38,36.12524287535833
2025-01-22 03:53:00,2,3,1,18,43.33471529324495
2025-01-16 03:31:00,3,3,5,10,39.958375633571286
2025-01-14 13:40:00,1,13,5,19,40.374266074289196
2025-01-03 22:30:00,4,22,2,27,34.58286598736057
2025-01-03 12:07:00,4,12,1,16,45.3325838962885
2025-01-14 13:08:00,1,13,1,18,39.44708153474172
2025-01-31 19:01:00,4,19,1,37,45.480501323197906
2025-01-09 21:45:00,3,21,2,45,46.359135311786204
2025-01-29 08:55:00,2,8,4,15,35.23560080971545
2025-01-08 13:34:00,2,13,5,13,43.16030439738152
2025-01-04 13:57:00,5,13,5,54,36.938166903783184
2025-01-03 18:17:00,4,18,1,31,26.79333464436038
2025-01-09 06:02:00,3,6,2,20,47.2955639096982
2025-01-27 07:44:00,0,7,2,5,40.80294237840122
2025-01-23 21:17:00,3,21,3,25,43.6548247616153
2025-01-02 09:24:00,3,9,4,19,37.96841671442511
2025-01-21 17:05:00,1,17,3,22,37.062909957922976
2025-01-28 09:40:00,1,9,1,17,39.723901147343994
2025-01-19 02:40:00,6,2,2,43,40.50348858860427
2025-01-02 05:19:00,3,5,1,6,41.0889262326681
2025-01-04 11:32:00,5,11,5,49,38.50203901768262
2025-01-31 03:53:00,4,3,2,9,39.37711193414969
2025-01-24 01:45:00,4,1,3,19,31.27418827042773
2025-01-24 02:47:00,4,2,2,8,40.95090924878246
2025-01-07 07:05:00,1,7,5,17,33.585090877531314
2025-01-22 19:23:00,2,19,3,25,37.494849793162544
2025-01-30 00:59:00,3,0,1,20,52.839257828644925
2025-01-15 15:06:00,2,15,4,20,44.59018717239895
2025-01-12 16:42:00,6,16,4,40,39.57027968453353
2025-01-07 06:25:00,1,6,3,18,39.470066674365455
2025-01-20 22:34:00,0,22,2,32,35.24878077627219
2025-01-05 04:23:00,6,4,4,60,31.15139645347093
2025-01-15 10:26:00,2,10,3,12,37.16977138049994
2025-01-07 02:15:00,1,2,1,18,38.512858631906475
2025-01-28 08:27:00,1,8,3,11,31.973168264894078
2025-01-21 14:37:00,1,14,1,17,39.11589792989982
2025-01-13 22:35:00,0,22,1,29,37.83262113251356
2025-01-25 18:58:00,5,18,2,40,42.50553058402583
2025-01-23 00:47:00,3,0,1,11,41.51146881377265
2025-01-11 10:41:00,5,10,4,46,36.82719748545187
2025-01-11 16:18:00,5,16,2,39,34.05581281634474
2025-01-10 16:05:00,4,16,4,19,49.78091242274527
2025-01-03 09:34:00,4,9,1,15,41.883774978191155
2025-01-22 23:16:00,2,23,3,7,40.71971913789172
2025-01-18 07:38:00,5,7,4,34,45.953082955934605
2025-01-01 15:03:00,2,15,2,13,32.14509906560096
2025-01-11 23:23:00,5,23,1,45,42.741359551243086
2025-01-16 10:11:00,3,10,5,5,36.424660618771576
2025-01-26 11:40:00,6,11,4,47,46.716700476541554
2025-01-18 16:26:00,5,16,4,51,40.0270258282813
2025-01-29 07:45:00,2,7,2,9,40.95383751537759
2025-01-19 13:44:00,6,13,5,30,31.70809264801013
2025-01-08 12:48:00,2,12,4,8,39.70500479619541
2025-01-08 00:21:00,2,0,3,7,36.600982182918884
2025-01-08 00:57:00,2,0,1,17,36.395932313824744
2025-01-10 08:32:00,4,8,1,18,38.88119685196837
2025-01-05 04:20:00,6,4,3,34,39.014884200523674
2025-01-13 12:29:00,0,12,1,16,39.2248405550625
2025-01-03 14:04:00,4,14,4,5,38.09534896056506
2025-01-22 18:49:00,2,18,1,32,38.11845116993528
2025-01-05 05:48:00,6,5,4,51,36.896588293060134
2025-01-24 07:42:00,4,7,3,8,40.79345863866309
2025-01-12 19:42:00,6,19,1,54,45.27913353981237
2025-01-01 14:25:00,2,14,5,11,36.07054192052463
2025-01-19 03:10:00,6,3,3,39,41.9954413397042
2025-01-02 19:36:00,3,19,1,31,42.714003600694234
2025-01-26 11:34:00,6,11,4,42,33.64664461296565
2025-01-31 18:03:00,4,18,5,36,43.245397756076606
2025-01-04 16:39:00,5,16,3,30,44.37381018079078
2025-01-18 14:48:00,5,14,3,50,47.27657126783256
2025-01-24 01:38:00,4,1,5,14,37.51557165745599
2025-01-11 00:54:00,5,0,5,57,36.671039400377026
2025-01-28 06:46:00,1,6,5,5,37.4663647866711
2025-01-21 21:00:00,1,21,3,21,41.20797723471494
2025-01-23 00:22:00,3,0,1,20,47.977631308418715
2025-01-16 14:44:00,3,14,4,13,37.14927258139247
2025-01-28 04:54:00,1,4,3,20,41.44553290711134
2025-01-22 21:51:00,2,21,1,33,39.5708691339089
2025-01-14 02:55:00,1,2,5,5,42.30694846111957
2025-01-30 11:52:00,3,11,3,6,35.41310634249765
2025-01-05 08:11:00,6,8,2,59,43.0625556646447
2025-01-28 22:09:00,1,22,3,37,46.3069348711131
2025-01-31 23:46:00,4,23,3,5,54.22417577666555
2025-01-26 08:28:00,6,8,3,36,39.643096945704436
2025-01-29 08:48:00,2,8,2,6,32.507085373916766
2025-01-16 07:51:00,3,7,1,6,45.498444378577496
2025-01-18 20:15:00,5,20,2,32,40.8072088601956
2025-01-11 10:44:00,5,10,2,60,51.31951141763752
2025-01-09 05:49:00,3,5,2,6,39.26291548153282
2025-01-08 17:56:00,2,17,5,42,41.58634540462662
2025-01-21 02:44:00,1,2,2,17,43.60103850064571
2025-01-04 06:53:00,5,6,2,36,35.940579234132855
2025-01-22 14:00:00,2,14,1,16,39.64021808115921
2025-01-23 02:21:00,3,2,1,17,38.29517424832284
2025-01-29 16:08:00,2,16,5,13,48.48318383445222
2025-01-28 07:08:00,1,7,4,18,38.77467597012614
2025-01-26 14:27:00,6,14,3,48,33.12125547616958
2025-01-01 11:48:00,2,11,1,10,46.18206760574327
2025-01-13 08:38:00,0,8,3,8,39.91735682473103
2025-01-14 09:29:00,1,9,2,9,38.04318338000542
2025-01-18 08:00:00,5,8,3,40,35.14858822555933
2025-01-31 18:54:00,4,18,4,35,37.72880007398817
2025-01-13 14:20:00,0,14,1,6,41.54331410335295
2025-01-31 08:07:00,4,8,5,20,41.14384961602958
2025-01-10 06:22:00,4,6,2,18,41.4589013160884
2025-01-07 17:37:00,1,17,1,38,41.92784354627628
2025-01-20 16:22:00,0,16,1,17,37.555753620244495
2025-01-12 19:35:00,6,19,4,51,45.041734214707205
2025-01-20 13:52:00,0,13,2,12,48.55725705507186
2025-01-05 04:22:00,6,4,3,58,37.59093336198297
2025-01-07 20:22:00,1,20,3,41,41.752151260187084
2025-01-06 15:32:00,0,15,3,12,36.183571102011875
2025-01-16 12:24:00,3,12,1,5,41.501349921524316
2025-01-25 16:16:00,5,16,5,50,33.48741276874831
2025-01-30 16:29:00,3,16,5,18,48.15468398721559
2025-01-07 19:23:00,1,19,4,31,44.332532986737995
2025-01-04 17:09:00,5,17,3,47,32.73104329543607
2025-01-26 06:04:00,6,6,3,37,30.672906562937484
2025-01-19 12:37:00,6,12,2,56,42.49348157983554
2025-01-22 02:23:00,2,2,5,5,34.56575822503658
2025-01-26 11:47:00,6,11,5,38,45.772786714913636
2025-01-23 16:25:00,3,16,5,19,34.639298383379995
2025-01-25 09:21:00,5,9,1,44,42.47108539238383
2025-01-25 23:24:00,5,23,5,41,42.627079925867086
2025-01-17 16:12:00,4,16,3,20,37.87442104819264
2025-01-22 06:53:00,2,6,1,5,41.95306248780738
2025-01-14 15:59:00,1,15,3,16,37.40709131200363
2025-01-08 00:31:00,2,0,3,18,46.24323821435939
2025-01-04 13:31:00,5,13,3,54,39.28876772739967
2025-01-09 14:51:00,3,14,3,9,43.265045285806345
2025-01-22 15:05:00,2,15,2,9,41.71034336931436
2025-01-26 00:07:00,6,0,4,48,34.918384675503006
2025-01-03 03:40:00,4,3,1,19,42.04149030884889
2025-01-21 18:14:00,1,18,4,28,35.569692293416175
2025-01-31 02:02:00,4,2,1,18,33.25602119695724
2025-01-29 20:08:00,2,20,3,21,42.14250466298289
2025-01-31 01:57:00,4,1,2,15,36.1610327012295
2025-01-30 01:26:00,3,1,1,15,37.76129788169435
2025-01-28 07:16:00,1,7,5,9,38.48534388781069
2025-01-10 17:07:00,4,17,4,40,34.25818890794506
2025-01-24 17:49:00,4,17,5,23,43.713557387398566
2025-01-29 06:42:00,2,6,1,12,38.903049841591496
2025-01-18 15:22:00,5,15,3,31,33.780857556919386
2025-01-31 11:17:00,4,11,5,14,47.54099665787801
2025-01-14 09:08:00,1,9,2,8,59.25967279591613
2025-01-02 07:12:00,3,7,3,15,37.2336202120246
2025-01-25 05:35:00,5,5,3,47,37.58823941885826
2025-01-23 15:36:00,3,15,2,19,35.761816224762455
2025-01-12 06:15:00,6,6,4,54,49.1452788800859
2025-01-07 18:37:00,1,18,1,42,39.516217428430394
2025-01-06 03:58:00,0,3,5,16,36.84945870968029
2025-01-06 07:46:00,0,7,1,13,57.391623857080305
2025-01-07 09:43:00,1,9,5,6,40.30940857419973
2025-01-27 01:36:00,0,1,2,13,28.618434352920886
2025-01-29 18:47:00,2,18,4,32,39.52952372031405
2025-01-23 19:32:00,3,19,1,43,32.775302326115806
2025-01-23 21:57:00,3,21,1,26,45.39104380410138
2025-01-23 03:02:00,3,3,2,20,41.70400954690825
2025-01-01 00:33:00,2,0,4,16,43.30339558937695
2025-01-14 12:26:00,1,12,5,9,42.58455849754828
2025-01-06 06:23:00,0,6,4,18,41.02580791623743
2025-01-30 21:47:00,3,21,4,27,40.46676935805919
2025-01-03 03:54:00,4,3,4,19,39.74697171368746
2025-01-17 05:19:00,4,5,3,9,29.857321210478016
2025-01-03 22:55:00,4,22,1,20,39.66297052462949
2025-01-30 08:45:00,3,8,3,15,34.63701258498283
2025-01-08 04:54:00,2,4,2,6,32.35798011910771
2025-01-06 08:29:00,0,8,2,17,38.92898397970694
2025-01-12 00:35:00,6,0,3,47,35.20501824110775
2025-01-21 06:46:00,1,6,4,18,35.211520624736025
2025-01-10 14:47:00,4,14,4,17,46.2974495417146
2025-01-25 19:22:00,5,19,3,37,36.15908771715105
2025-01-05 11:23:00,6,11,5,54,39.098226604732204
2025-01-02 17:47:00,3,17,4,29,36.41937928865231
2025-01-07 07:36:00,1,7,4,8,35.4276810924598
2025-01-14 03:49:00,1,3,5,12,33.24484846546303
2025-01-27 10:26:00,0,10,5,10,45.52197865128059
2025-01-19 17:27:00,6,17,2,30,41.275854800793276
2025-01-17 04:33:00,4,4,3,6,34.56402593080409
2025-01-12 00:22:00,6,0,5,31,38.96422057258247
2025-01-20 03:13:00,0,3,3,17,43.98292319280874
2025-01-01 16:08:00,2,16,2,16,29.19320185879603
2025-01-21 22:38:00,1,22,2,36,36.94451823480869
2025-01-28 18:46:00,1,18,2,32,38.245399752659964
2025-01-16 18:27:00,3,18,1,45,32.71630124790768
2025-01-05 06:27:00,6,6,3,59,36.70389795560079
2025-01-13 22:40:00,0,22,2,42,35.617729441485594
2025-01-26 17:10:00,6,17,5,56,42.170798286416286
2025-01-24 17:39:00,4,17,3,38,42.94948694653917
2025-01-25 02:40:00,5,2,3,37,43.22341733336054
2025-01-15 08:11:00,2,8,2,7,41.0975064335794
2025-01-18 16:23:00,5,16,3,44,37.96750252759777
2025-01-04 07:15:00,5,7,3,42,48.64056942407845
2025-01-18 05:12:00,5,5,4,56,34.87126787713799
2025-01-23 14:18:00,3,14,3,7,38.57681988150401
2025-01-09 16:01:00,3,16,1,19,43.32277738814046
2025-01-25 22:44:00,5,22,3,56,36.415710780490286
2025-01-11 12:05:00,5,12,4,48,37.7710932567606
2025-01-29 02:57:00,2,2,1,6,39.89862499716071
2025-01-14 11:09:00,1,11,4,5,36.844021350083956
2025-01-15 20:34:00,2,20,5,21,41.472746544994536
2025-01-23 16:46:00,3,16,4,13,33.65318239826551
2025-01-20 14:41:00,0,14,4,14,33.64789960640553
2025-01-02 07:11:00,3,7,1,6,44.44781508905885
2025-01-08 07:48:00,2,7,5,9,42.76671071668315
2025-01-27 04:58:00,0,4,3,11,43.46759511609683
2025-01-17 05:40:00,4,5,1,14,44.28363270708223
2025-01-27 16:16:00,0,16,4,11,44.18566406113425
2025-01-22 18:48:00,2,18,3,41,36.29443815721758
2025-01-25 22:33:00,5,22,1,35,38.799106539874096
2025-01-09 02:15:00,3,2,1,7,42.08669806602355
2025-01-07 05:26:00,1,5,3,13,41.05061902664163
2025-01-23 13:39:00,3,13,5,5,44.6423720591841
2025-01-23 20:57:00,3,20,1,24,37.793570429941056
2025-01-17 06:17:00,4,6,1,12,32.61496085915753
2025-01-17 15:20:00,4,15,4,13,39.059154909628894
2025-01-20 14:36:00,0,14,5,18,44.340226767089575
2025-01-30 21:58:00,3,21,1,32,26.741399824423617
2025-01-10 17:28:00,4,17,3,27,37.75735634262968
2025-01-27 10:34:00,0,10,4,12,38.8607697781497
2025-01-13 11:54:00,0,11,2,9,36.40374132327467
2025-01-18 16:03:00,5,16,3,35,43.55546538711591
2025-01-21 19:06:00,1,19,3,27,30.685348272187767
2025-01-09 08:49:00,3,8,3,18,38.2107331629813
2025-01-02 18:52:00,3,18,2,38,38.511999973423634
2025-01-17 11:06:00,4,11,1,17,42.80969246655492
2025-01-01 00:25:00,2,0,5,19,41.248015159587624
2025-01-21 00:36:00,1,0,3,7,34.33819032189737
2025-01-20 21:21:00,0,21,1,30,36.061304628540526
2025-01-26 05:27:00,6,5,4,56,43.33303642193007
2025-01-04 09:38:00,5,9,2,56,38.46605251692596
2025-01-08 17:24:00,2,17,4,28,42.270665518841334
2025-01-24 00:35:00,4,0,3,10,41.58588942336257
2025-01-16 20:14:00,3,20,2,20,47.9361937326982
2025-01-30 18:42:00,3,18,4,29,37.46063037257896
2025-01-31 13:15:00,4,13,2,6,43.74891829501067
2025-01-14 02:09:00,1,2,1,9,43.018899235178225
2025-01-19 17:39:00,6,17,1,30,32.28185983974693
2025-01-03 17:04:00,4,17,1,43,39.818872419961636
2025-01-05 22:20:00,6,22,5,57,31.520107215951754
2025-01-27 21:09:00,0,21,1,44,41.05673802968694
2025-01-28 01:11:00,1,1,5,17,39.6827527338758
2025-01-25 04:55:00,5,4,3,33,35.9080251942454
2025-01-30 12:49:00,3,12,2,17,38.9605711875174
2025-01-11 08:11:00,5,8,5,30,34.50347192263677
2025-01-13 22:25:00,0,22,2,29,38.52209142456267
2025-01-04 09:41:00,5,9,1,46,36.94017103141155
2025-01-27 06:57:00,0,6,4,18,37.71845376871131
2025-01-02 11:34:00,3,11,4,15,37.701913113109896
2025-01-28 05:46:00,1,5,2,6,38.61191727005651
2025-01-18 06:49:00,5,6,1,55,37.992155015475305
2025-01-12 20:18:00,6,20,1,34,40.332678693617474
2025-01-05 16:51:00,6,16,2,52,43.412409815266145
2025-01-31 12:39:00,4,12,3,12,37.8291131555763
2025-01-29 07:40:00,2,7,3,5,39.68058126691155
2025-01-11 07:59:00,5,7,4,30,39.37933831736669
2025-01-20 17:53:00,0,17,3,28,32.99207925640805
2025-01-01 11:12:00,2,11,2,16,39.59561369432921
2025-01-29 01:41:00,2,1,3,16,40.189398779973246
2025-01-12 13:03:00,6,13,2,37,38.607418574651255
2025-01-29 10:40:00,2,10,5,8,43.44064805492449
2025-01-29 13:21:00,2,13,1,6,40.001217550427135
2025-01-26 22:40:00,6,22,5,34,35.934505461398196
2025-01-03 19:05:00,4,19,2,25,44.21179273286117
2025-01-25 13:45:00,5,13,3,51,46.294512092630434
2025-01-07 12:52:00,1,12,4,14,31.826852271469843
2025-01-20 20:24:00,0,20,3,21,47.93699923432629
2025-01-15 03:53:00,2,3,3,5,33.93459172446121
2025-01-07 06:53:00,1,6,2,17,28.38558231825712
2025-01-20 01:29:00,0,1,2,15,46.25721216489612
2025-01-14 13:54:00,1,13,2,10,35.47167788264793
2025-01-13 13:16:00,0,13,2,15,34.846266984511765
2025-01-10 14:29:00,4,14,2,13,43.89369110157513
2025-01-18 09:33:00,5,9,3,46,38.97878518900989
2025-01-01 14:39:00,2,14,5,8,27.675551874122576
2025-01-01 17:55:00,2,17,5,20,35.92820536094318
2025-01-16 17:09:00,3,17,5,25,41.6661396191966
2025-01-01 12:27:00,2,12,2,19,41.0035655743352
2025-01-27 06:52:00,0,6,2,19,32.52509372559096
2025-01-25 19:42:00,5,19,1,42,43.66596490620027
2025-01-02 06:11:00,3,6,5,14,50.30119793142501
2025-01-13 14:54:00,0,14,5,8,42.95451743483164
2025-01-07 14:50:00,1,14,4,13,46.30092551694395
2025-01-23 13:26:00,3,13,5,5,38.54322391012934
2025-01-21 13:05:00,1,13,1,19,40.69423278629098
2025-01-27 03:16:00,0,3,1,7,41.09393049077549
2025-01-21 00:29:00,1,0,5,11,39.08214767438772
2025-01-19 12:38:00,6,12,1,44,37.71138851692313
2025-01-02 12:53:00,3,12,3,20,35.808115988250336
2025-01-18 11:02:00,5,11,1,35,33.508798879566314
2025-01-29 20:43:00,2,20,5,36,34.530932521824376
2025-01-19 05:04:00,6,5,5,43,40.47328680956674
2025-01-09 19:24:00,3,19,1,45,38.78309542970505
2025-01-30 19:14:00,3,19,1,30,39.87061655760839
2025-01-14 14:24:00,1,14,1,6,43.451004437312115
2025-01-04 21:40:00,5,21,4,39,43.002900924586626
2025-01-14 17:43:00,1,17,5,28,49.060547854235956
2025-01-05 03:11:00,6,3,4,50,44.20291139864628
2025-01-08 06:31:00,2,6,1,5,43.93897047550799
2025-01-29 16:25:00,2,16,2,6,45.37507702333437
2025-01-07 16:22:00,1,16,1,8,38.64805909378791
2025-01-18 17:41:00,5,17,4,36,43.821626178070176
2025-01-27 18:53:00,0,18,5,20,33.742936198099926
2025-01-15 21:59:00,2,21,4,42,36.07921821082458
2025-01-30 06:56:00,3,6,4,5,42.27117147184614
2025-01-27 14:08:00,0,14,1,9,33.67893433468593
2025-01-06 23:58:00,0,23,1,13,34.975855143032994
2025-01-21 05:29:00,1,5,5,9,51.60990865111152
2025-01-19 23:57:00,6,23,1,53,38.75769008477323
2025-01-30 06:54:00,3,6,5,7,40.66372313692558
2025-01-07 09:31:00,1,9,5,14,26.76025392010784
2025-01-31 20:25:00,4,20,2,38,34.10302715016365
2025-01-30 18:35:00,3,18,2,25,48.028617534483935
2025-01-26 08:25:00,6,8,3,38,41.905775807087664
2025-01-02 04:22:00,3,4,2,17,38.402553007915564
2025-01-11 05:09:00,5,5,3,33,38.18484324423867
2025-01-22 12:11:00,2,12,4,9,43.78735549571853
2025-01-22 06:54:00,2,6,5,19,38.08653852258822
2025-01-07 21:30:00,1,21,1,39,35.12462433353165
2025-01-22 19:32:00,2,19,1,41,39.098761800890586
2025-01-01 14:01:00,2,14,3,5,45.637539005587946
2025-01-08 23:03:00,2,23,1,16,51.82053095475413
2025-01-03 09:05:00,4,9,1,15,41.05712047881773
2025-01-16 16:00:00,3,16,3,11,41.05030830565098
2025-01-12 16:18:00,6,16,2,42,32.27625152001954
2025-01-01 00:08:00,2,0,3,17,39.8066720514072
2025-01-10 03:27:00,4,3,1,8,38.37871326168136
2025-01-18 16:43:00,5,16,4,39,37.14015072663526
2025-01-05 12:08:00,6,12,2,46,35.805614329524474
2025-01-20 20:26:00,0,20,4,20,29.9431478843128
2025-01-04 01:18:00,5,1,4,30,38.84410341004214
2025-01-25 14:44:00,5,14,4,60,36.26957821407473
2025-01-21 17:17:00,1,17,5,28,33.16492903635016
2025-01-27 16:29:00,0,16,5,19,37.82322477221116
2025-01-23 04:40:00,3,4,1,15,38.84023208630682
2025-01-02 01:42:00,3,1,1,19,42.739224928044585
2025-01-17 21:17:00,4,21,5,42,37.72541735943506
2025-01-10 07:55:00,4,7,3,12,40.5786533496028
2025-01-24 15:22:00,4,15,2,13,36.005305957094585
2025-01-20 07:01:00,0,7,5,7,39.337848760915854
2025-01-10 15:00:00,4,15,4,6,37.75674454883587
2025-01-13 02:04:00,0,2,5,8,31.116035066029625
2025-01-26 22:53:00,6,22,4,49,33.89491610738381
2025-01-13 09:38:00,0,9,1,19,43.59252400024137
2025-01-29 01:13:00,2,1,1,14,38.235201248260566
2025-01-10 09:37:00,4,9,3,5,38.663111992050794
2025-01-31 05:04:00,4,5,4,5,42.411475299065145
2025-01-11 03:09:00,5,3,4,35,43.54426851698536
2025-01-31 23:47:00,4,23,1,8,35.863908531836756
2025-01-01 10:08:00,2,10,1,6,40.2366265345066
2025-01-30 09:56:00,3,9,3,10,50.09786590666674
2025-01-22 19:03:00,2,19,3,37,36.64059706863751
2025-01-21 17:24:00,1,17,3,40,44.91858806229584
2025-01-28 22:46:00,1,22,4,40,37.989935182924874
2025-01-19 19:32:00,6,19,5,38,35.932693849399364
2025-01-07 17:21:00,1,17,2,44,49.6663762532192
2025-01-13 02:40:00,0,2,2,8,34.11030492349471
2025-01-19 16:53:00,6,16,2,39,35.637075203716556
2025-01-26 05:50:00,6,5,3,53,44.44793561620714
2025-01-20 08:40:00,0,8,5,18,42.90258091533297
2025-01-17 05:39:00,4,5,5,18,38.977799462580265
2025-01-21 22:02:00,1,22,4,36,39.6104076956247
2025-01-07 05:56:00,1,5,5,5,39.00113204695473
2025-01-03 07:21:00,4,7,2,20,33.44704727182435
2025-01-08 01:37:00,2,1,3,11,35.787682200047946
2025-01-22 09:16:00,2,9,4,19,32.82411804089045
2025-01-16 14:40:00,3,14,2,18,36.73081872690877
2025-01-23 07:45:00,3,7,2,5,37.94171223747138
2025-01-14 18:31:00,1,18,1,22,46.97372280510531
2025-01-20 01:47:00,0,1,2,15,36.54604126872348
2025-01-06 09:42:00,0,9,2,6,45.82336420734161
2025-01-08 11:16:00,2,11,1,20,49.78853553117941
2025-01-24 01:14:00,4,1,5,6,34.676956607737765
2025-01-14 02:45:00,1,2,2,16,37.74026083335051
2025-01-11 23:44:00,5,23,5,46,38.939742462974486
2025-01-09 18:12:00,3,18,4,33,40.73500957969361
2025-01-06 16:02:00,0,16,3,12,40.82602638128014
2025-01-16 17:14:00,3,17,3,23,40.09085086423317
2025-01-19 04:05:00,6,4,2,54,34.8899661875102
2025-01-05 00:47:00,6,0,1,35,44.92189477907819
2025-01-11 06:05:00,5,6,2,40,45.206759806632995
2025-01-20 16:23:00,0,16,3,20,46.5741165394702
2025-01-13 17:20:00,0,17,3,20,33.509554890944834
2025-01-15 04:07:00,2,4,2,12,41.07744493674648
2025-01-08 10:08:00,2,10,3,7,26.521241888534362
2025-01-10 04:02:00,4,4,2,10,34.84266813141859
2025-01-25 19:51:00,5,19,3,59,42.94294008501146
2025-01-21 23:14:00,1,23,3,10,34.701847403519054
2025-01-23 19:12:00,3,19,1,44,40.990209345777785
2025-01-26 17:16:00,6,17,1,46,46.48314897706082
2025-01-23 10:17:00,3,10,3,6,33.305603898711865
2025-01-12 11:30:00,6,11,1,33,48.180686986985386
2025-01-30 02:53:00,3,2,1,12,38.26878723084278
2025-01-28 02:15:00,1,2,2,5,37.741128423939784
2025-01-27 05:44:00,0,5,2,17,41.578306138105766
2025-01-31 00:25:00,4,0,3,17,36.97987822470043
2025-01-27 19:07:00,0,19,5,29,39.60575229675411
2025-01-20 01:28:00,0,1,1,7,38.82012668838388
2025-01-02 23:35:00,3,23,1,11,33.57405639598696
2025-01-06 10:06:00,0,10,1,10,34.35207092514689
2025-01-24 06:18:00,4,6,1,5,50.365707794402155
2025-01-20 13:05:00,0,13,4,13,36.421536809479015
2025-01-25 03:12:00,5,3,1,54,37.10936232290978
2025-01-17 23:12:00,4,23,1,6,42.7339072405172
2025-01-21 21:11:00,1,21,4,40,43.7740268764456
2025-01-07 01:29:00,1,1,3,8,34.74529013383667
2025-01-15 05:29:00,2,5,3,17,45.175953035779
2025-01-28 11:36:00,1,11,3,6,48.4546274269767
2025-01-16 22:27:00,3,22,3,28,45.509462787859604
2025-01-22 04:14:00,2,4,2,16,39.51434873261021
2025-01-22 08:25:00,2,8,4,8,31.8755525810557
2025-01-17 05:12:00,4,5,3,14,39.64447201971009
2025-01-23 12:16:00,3,12,4,12,38.348955342965695
2025-01-06 14:11:00,0,14,4,9,33.27687917741686
2025-01-21 00:37:00,1,0,1,18,40.51181615766593
2025-01-23 01:39:00,3,1,2,9,40.94421617688146
2025-01-18 13:39:00,5,13,4,37,38.6298945573421
2025-01-13 01:13:00,0,1,5,17,42.46714578046046
2025-01-05 19:26:00,6,19,4,54,37.74969393080648
2025-01-11 03:27:00,5,3,3,54,38.74655792956624
2025-01-21 23:25:00,1,23,4,9,35.49392115847285
2025-01-03 09:14:00,4,9,5,17,45.58001411042031
2025-01-10 13:57:00,4,13,1,9,42.53290103951462
2025-01-25 04:45:00,5,4,4,50,44.086568352648875
2025-01-31 11:34:00,4,11,5,6,35.808202882167215
2025-01-06 22:06:00,0,22,5,33,43.08880459764632
2025-01-30 02:29:00,3,2,4,19,43.406754786317244
2025-01-01 03:54:00,2,3,4,8,41.53927825017569
2025-01-16 07:37:00,3,7,5,17,30.027139677967842
2025-01-20 05:45:00,0,5,3,8,40.59941567605009
2025-01-26 04:24:00,6,4,3,31,47.70853259221185
2025-01-10 14:28:00,4,14,1,20,39.83731763330843
2025-01-09 19:42:00,3,19,4,37,47.87291696692077
2025-01-13 22:27:00,0,22,2,27,45.603049299742835
2025-01-10 18:52:00,4,18,2,27,40.646591959553646
2025-01-18 04:37:00,5,4,5,35,32.99387598734256
2025-01-26 20:31:00,6,20,1,36,32.61346796209844
2025-01-11 06:40:00,5,6,2,49,38.9429232059857
2025-01-15 23:23:00,2,23,1,19,36.351563286928865
2025-01-09 20:34:00,3,20,5,44,42.18657458388094
2025-01-11 18:19:00,5,18,1,53,36.77770503046184
2025-01-12 01:27:00,6,1,2,33,49.62327701513871
2025-01-22 03:00:00,2,3,3,6,49.01677201016101
2025-01-31 05:22:00,4,5,4,8,40.03476065391668
2025-01-21 18:58:00,1,18,3,37,29.107843144757297
2025-01-05 12:37:00,6,12,1,56,31.36997036469875
2025-01-05 04:17:00,6,4,2,43,37.537083397615866
2025-01-26 11:31:00,6,11,5,43,49.50929212947726
2025-01-03 14:51:00,4,14,5,18,37.52925605531438
2025-01-09 02:26:00,3,2,1,12,44.75428696162289
2025-01-11 09:26:00,5,9,5,46,33.99857208147597
2025-01-10 10:47:00,4,10,4,17,30.65020529437067
2025-01-10 04:22:00,4,4,1,7,35.66743599018243
2025-01-20 16:59:00,0,16,2,15,38.015541906731166
2025-01-18 05:44:00,5,5,5,37,35.541940700134845
2025-01-22 18:05:00,2,18,2,25,42.51749865770628
2025-01-31 15:04:00,4,15,3,17,45.46241945620087
2025-01-18 04:48:00,5,4,5,45,45.34972613220761
2025-01-11 04:02:00,5,4,2,60,41.2102484288414
2025-01-18 18:55:00,5,18,1,60,39.50575764793391
2025-01-06 22:14:00,0,22,3,21,41.03888316157644
2025-01-09 19:31:00,3,19,1,20,34.082822681975
2025-01-10 02:53:00,4,2,4,12,39.95717219461499
2025-01-13 12:38:00,0,12,4,9,39.184877652617494
2025-01-31 18:20:00,4,18,5,33,30.073762485821774
2025-01-08 08:06:00,2,8,1,14,43.275290821163935
2025-01-29 12:26:00,2,12,1,9,33.08277537931929
2025-01-18 06:13:00,5,6,3,42,40.49236612389007
2025-01-21 12:20:00,1,12,3,6,39.78506128137833
2025-01-04 10:11:00,5,10,3,52,35.10332370215331
2025-01-26 06:52:00,6,6,5,31,47.73696418359755
2025-01-19 12:58:00,6,12,5,41,40.25541080274307
2025-01-08 22:10:00,2,22,5,23,34.26980086282223
2025-01-24 01:11:00,4,1,5,9,38.15966626532925
2025-01-06 07:32:00,0,7,1,9,44.70933084468728
2025-01-01 06:52:00,2,6,2,11,36.02798289336268
2025-01-11 10:36:00,5,10,5,54,36.39251590808085
2025-01-30 03:11:00,3,3,4,20,36.179798866928586
2025-01-23 21:05:00,3,21,1,28,40.31944797032788
2025-01-19 05:29:00,6,5,2,52,41.0601287971623
2025-01-29 02:36:00,2,2,3,7,40.56558406179346
2025-01-31 23:12:00,4,23,1,20,35.259096283218085
2025-01-14 01:58:00,1,1,1,13,31.373357962307736
2025-01-24 12:43:00,4,12,1,6,37.75170509342271
2025-01-04 01:41:00,5,1,4,41,39.7150376825252
2025-01-22 22:01:00,2,22,3,28,35.84306236878948
2025-01-29 19:20:00,2,19,3,20,30.085876792656418
2025-01-05 19:12:00,6,19,3,40,37.526138131114905
2025-01-24 16:53:00,4,16,5,18,32.17245169527914
2025-01-10 14:00:00,4,14,5,10,46.06487689545987
2025-01-18 21:57:00,5,21,1,60,46.71487738965005
2025-01-01 18:11:00,2,18,5,21,43.09136928469637
2025-01-08 20:37:00,2,20,2,28,38.65868404286954
2025-01-24 14:55:00,4,14,5,5,34.20424012364078
2025-01-07 05:32:00,1,5,5,7,28.461745486643796
2025-01-28 13:43:00,1,13,2,19,39.281379514242396
2025-01-13 14:04:00,0,14,2,17,41.97794626353615
2025-01-05 12:27:00,6,12,3,52,30.571278948782314
2025-01-20 20:41:00,0,20,1,34,33.04395092130396
2025-01-28 06:04:00,1,6,5,17,46.06196885554844
2025-01-28 10:13:00,1,10,4,19,39.51929523422972
2025-01-23 14:07:00,3,14,5,7,46.84945172539536
2025-01-23 02:50:00,3,2,3,15,36.612704309777456
2025-01-25 22:22:00,5,22,4,30,38.14751486586355
2025-01-09 23:46:00,3,23,2,11,35.71460135401863
2025-01-17 15:26:00,4,15,4,8,39.41483883417269
2025-01-23 09:15:00,3,9,2,7,50.961303476693814
2025-01-24 04:45:00,4,4,2,12,42.52811693113934
2025-01-11 09:47:00,5,9,4,40,36.273539416307926
2025-01-04 00:46:00,5,0,4,40,38.22502116920872
2025-01-07 18:53:00,1,18,3,25,38.9915924873504
2025-01-23 03:50:00,3,3,4,7,36.97448697541128
2025-01-07 01:05:00,1,1,4,20,37.112429977176255
2025-01-10 04:51:00,4,4,1,15,32.522868129594144
2025-01-12 15:34:00,6,15,3,53,41.52648946372666
2025-01-06 08:01:00,0,8,1,18,54.19273042315789
2025-01-28 15:19:00,1,15,2,13,40.883745086442396
2025-01-16 01:16:00,3,1,1,6,38.74410657653262
2025-01-28 08:26:00,1,8,4,7,41.54909014500374
2025-01-08 13:37:00,2,13,2,11,29.473412976910435
2025-01-06 20:54:00,0,20,1,20,37.21921570603048
2025-01-01 18:12:00,2,18,3,30,47.51729537898544
2025-01-02 12:25:00,3,12,3,9,45.017065709329806
2025-01-04 13:02:00,5,13,5,53,40.99160017288788
2025-01-22 02:04:00,2,2,4,11,39.53815334895437
2025-01-20 04:11:00,0,4,5,13,35.883673608816096
2025-01-31 09:07:00,4,9,5,18,40.30692209101205
2025-01-29 23:01:00,2,23,3,7,51.558952960286156
2025-01-07 05:07:00,1,5,5,18,31.850225267321314
2025-01-09 05:55:00,3,5,1,19,43.38639470745621
2025-01-09 04:18:00,3,4,2,6,38.928159805547395
2025-01-11 15:07:00,5,15,3,59,43.811286745979324
2025-01-05 10:20:00,6,10,3,35,39.45169642276887
2025-01-25 13:02:00,5,13,2,39,36.53753116204037
2025-01-21 11:10:00,1,11,1,9,44.29565483196614
2025-01-13 10:24:00,0,10,1,10,42.682761754958605
2025-01-26 06:24:00,6,6,1,37,43.74352972745433
2025-01-18 22:41:00,5,22,5,60,48.61207301982625
2025-01-08 12:55:00,2,12,3,20,46.17434266984728
2025-01-11 02:37:00,5,2,3,58,48.90887361248539
2025-01-01 00:51:00,2,0,3,11,41.723405536704256
2025-01-08 12:12:00,2,12,4,15,33.61973036232125
2025-01-15 13:12:00,2,13,2,6,33.791064512071074
2025-01-24 11:19:00,4,11,1,11,39.68115825980027
2025-01-28 20:57:00,1,20,2,26,38.65649491606809
2025-01-13 13:42:00,0,13,2,12,32.60179876693722
2025-01-26 01:45:00,6,1,3,35,34.52538938397379
2025-01-21 16:36:00,1,16,1,7,42.68177508468296
2025-01-05 11:35:00,6,11,4,58,43.156061808828994
2025-01-27 20:46:00,0,20,1,40,32.316219621915025
2025-01-07 16:20:00,1,16,4,14,39.02955487289217
2025-01-20 21:14:00,0,21,4,44,39.383602817924874
2025-01-29 17:28:00,2,17,1,28,44.795716095172125
2025-01-31 22:28:00,4,22,5,25,37.51785456632761
2025-01-09 04:24:00,3,4,1,14,48.350369521975864
2025-01-15 07:08:00,2,7,3,18,35.42175306729935
2025-01-26 18:50:00,6,18,4,34,44.3698149723698
2025-01-09 17:41:00,3,17,4,31,35.257022693728125
2025-01-08 05:20:00,2,5,4,6,34.732802289071564
2025-01-18 03:02:00,5,3,5,49,41.52829193315206
2025-01-16 02:56:00,3,2,3,19,35.686340923626446
2025-01-05 00:35:00,6,0,4,50,37.54743079006521
2025-01-29 12:45:00,2,12,3,11,34.25341071623728
2025-01-12 07:10:00,6,7,3,47,43.52727370359246
2025-01-19 23:00:00,6,23,3,43,42.75287293381686
2025-01-22 14:11:00,2,14,2,13,29.705717253981746
2025-01-16 21:53:00,3,21,3,23,44.06130737069156
2025-01-13 07:45:00,0,7,5,17,37.98577248931316
2025-01-24 01:35:00,4,1,2,7,47.44828805130239
2025-01-13 07:48:00,0,7,5,8,36.36050370420816
2025-01-05 22:13:00,6,22,2,34,33.62250559160896
2025-01-28 01:01:00,1,1,5,13,37.12736631435214
2025-01-19 01:15:00,6,1,5,55,37.86087639661473
2025-01-02 14:25:00,3,14,4,14,36.07243120432041
2025-01-15 19:33:00,2,19,5,41,40.82042846226751
2025-01-18 19:14:00,5,19,4,30,48.43720208137131
2025-01-27 12:51:00,0,12,3,18,43.17928689130706
2025-01-08 11:08:00,2,11,1,11,49.81665231651463
2025-01-11 07:54:00,5,7,2,54,37.024744046693534
2025-01-30 17:50:00,3,17,1,42,38.77943031134246
2025-01-19 06:54:00,6,6,2,39,30.99081095450037
2025-01-22 07:17:00,2,7,3,7,43.000967491574194
2025-01-17 16:15:00,4,16,3,5,42.657389577513655
2025-01-30 08:15:00,3,8,4,7,39.45354378709693
2025-01-24 14:43:00,4,14,2,13,41.898244472588274
2025-01-03 13:48:00,4,13,2,12,35.19458714375598
2025-01-14 08:40:00,1,8,4,8,31.780607293722078
2025-01-06 02:34:00,0,2,5,8,42.61054235670379
2025-01-16 15:31:00,3,15,2,19,42.66180703176753
2025-01-09 19:57:00,3,19,2,40,46.22738402220415
2025-01-11 23:42:00,5,23,2,43,43.962543125195666
2025-01-16 06:59:00,3,6,1,12,38.665966131385666
2025-01-12 19:30:00,6,19,3,35,42.40759375631775
2025-01-12 14:23:00,6,14,3,39,42.38731170983417
2025-01-15 07:24:00,2,7,1,15,36.60004913024434
2025-01-05 04:57:00,6,4,5,56,39.1910095322537
2025-01-14 03:38:00,1,3,1,9,45.62258743098965
2025-01-05 18:24:00,6,18,1,46,41.9006616901799
2025-01-14 07:54:00,1,7,3,18,41.145146762452164
2025-01-15 08:19:00,2,8,1,20,24.29932055573766
2025-01-02 01:22:00,3,1,5,19,34.84607179232568
2025-01-20 08:08:00,0,8,3,11,44.728632405278304
2025-01-15 23:54:00,2,23,1,11,38.73464150842988
2025-01-23 23:46:00,3,23,1,16,37.05287948030411
2025-01-25 00:35:00,5,0,3,42,44.73853191017461
2025-01-03 11:19:00,4,11,5,15,38.52594303920733
2025-01-21 02:11:00,1,2,4,12,35.80544778356579
2025-01-15 03:14:00,2,3,3,7,43.490596072746
2025-01-17 11:30:00,4,11,1,14,35.694395526260955
2025-01-15 09:21:00,2,9,5,20,40.95661596601937
2025-01-21 08:11:00,1,8,4,9,47.64950647049046
2025-01-17 00:34:00,4,0,3,6,38.185664078057734
2025-01-23 06:38:00,3,6,3,6,45.16077410876585
2025-01-19 03:42:00,6,3,3,44,45.64049094507226
2025-01-09 03:12:00,3,3,3,9,41.17224088364759
2025-01-14 13:25:00,1,13,4,14,35.786648257888686
2025-01-13 15:49:00,0,15,4,12,45.71687484568499
2025-01-18 01:33:00,5,1,3,30,37.92932842212579
2025-01-31 05:24:00,4,5,1,19,48.65605165522146
2025-01-05 10:43:00,6,10,5,41,39.85541673384104
2025-01-05 16:15:00,6,16,1,53,38.74430684281096
2025-01-29 12:40:00,2,12,2,5,35.004284552638644
2025-01-27 01:33:00,0,1,5,10,48.99370338884928
2025-01-01 20:23:00,2,20,1,27,40.67833069003434
2025-01-19 03:04:00,6,3,5,38,34.45075520524924
2025-01-21 00:46:00,1,0,5,5,31.505658809206615
2025-01-18 09:37:00,5,9,1,38,43.833754206246546
2025-01-01 05:16:00,2,5,4,17,49.46548849581081
2025-01-07 12:11:00,1,12,3,16,31.12088671178093
2025-01-08 14:14:00,2,14,2,19,38.873840139081004
2025-01-27 10:56:00,0,10,1,7,34.93988591065977
2025-01-22 11:59:00,2,11,4,13,29.918547303459867
2025-01-04 15:28:00,5,15,2,51,46.714629323949936
2025-01-01 18:48:00,2,18,3,20,38.29717996575393
2025-01-22 14:17:00,2,14,4,6,35.98548532140218
2025-01-01 10:16:00,2,10,5,6,40.857428098883965
2025-01-19 11:33:00,6,11,1,52,31.058446863962985
2025-01-03 22:46:00,4,22,1,45,32.724072682235985
2025-01-12 01:44:00,6,1,5,43,39.93434178148765
2025-01-02 14:12:00,3,14,4,7,46.566684884372165
2025-01-17 04:34:00,4,4,3,16,31.019169123044122
2025-01-14 13:57:00,1,13,1,15,42.39681695940529
2025-01-06 23:42:00,0,23,5,10,44.52730479985257
2025-01-24 10:47:00,4,10,5,5,43.33925329007704
2025-01-04 16:31:00,5,16,5,34,47.24929683626823
2025-01-29 23:43:00,2,23,2,12,37.75989094655472
2025-01-07 00:38:00,1,0,2,17,34.915655223672324
2025-01-12 17:00:00,6,17,4,41,44.99911904175087
2025-01-28 05:17:00,1,5,4,20,45.89973102656366
2025-01-29 16:24:00,2,16,3,13,47.23470419519974
2025-01-24 03:54:00,4,3,5,5,34.08780223535286
2025-01-19 07:14:00,6,7,3,50,39.147375000218794
2025-01-12 01:59:00,6,1,1,35,42.83848306992498
2025-01-13 06:32:00,0,6,5,11,42.44973500910802
2025-01-04 20:49:00,5,20,1,57,41.4081170831459
2025-01-22 14:18:00,2,14,1,17,43.23869749013781
2025-01-02 04:55:00,3,4,2,15,41.188146139123454
2025-01-08 20:07:00,2,20,1,44,34.27553397822675
2025-01-11 11:28:00,5,11,2,48,35.37968367398634
2025-01-03 22:08:00,4,22,2,32,37.729436612119756
2025-01-22 14:43:00,2,14,3,6,38.763863899400064
2025-01-04 22:40:00,5,22,5,47,43.83012174278903
2025-01-04 19:42:00,5,19,2,43,43.6128085553565
2025-01-06 03:48:00,0,3,1,16,36.63073313501561
2025-01-19 23:56:00,6,23,1,41,38.854302536248795
2025-01-21 08:19:00,1,8,5,20,39.24735638922387
